UserID,Age,Gender,SweetLike,MentholLike,PodsPerWeek,SubscribeIntent,FlavourFamilies,PurchaseChannel
1,46,Female,3,1,7,1,"Menthol,Fruity",Online
2,32,Male,2,3,6,1,Beverage,Online
3,25,Male,5,2,8,0,Beverage,Retail
4,38,Female,5,1,11,0,"Fruity,Menthol",Lounge
5,36,Male,5,1,13,1,"Beverage,Menthol",Retail
6,40,Male,4,5,6,1,"Menthol,Fruity",Online
7,28,Other,5,5,10,1,Menthol,Online
8,28,Male,3,5,3,0,"Spice,Menthol,Fruity",Lounge
9,41,Male,4,1,4,1,Fruity,Lounge
10,53,Male,1,2,14,1,Dessert,Lounge
11,41,Female,5,4,3,1,"Tobacco,Dessert",Retail
12,20,Male,5,5,1,1,"Tobacco,Dessert",Online
13,39,Male,1,2,10,1,"Spice,Fruity,Dessert",Retail
14,19,Male,5,3,5,1,"Fruity,Spice",Online
15,41,Male,1,5,1,1,"Spice,Tobacco,Fruity",Online
16,47,Male,4,4,1,1,"Dessert,Fruity,Spice",Retail
17,19,Male,3,3,2,1,"Menthol,Fruity",Online
18,38,Female,1,3,13,1,"Dessert,Menthol",Online
19,50,Male,2,4,4,1,"Spice,Tobacco",Online
20,29,Male,1,5,6,1,"Menthol,Beverage,Tobacco",Online
21,39,Male,5,1,8,1,"Beverage,Menthol",Retail
22,42,Male,4,4,13,0,Dessert,Online
23,44,Male,4,4,3,0,"Tobacco,Menthol",Online
24,45,Female,1,4,1,1,Menthol,Online
25,33,Male,3,3,3,1,"Menthol,Spice",Online
26,32,Male,2,2,12,1,Spice,Online
27,20,Male,4,1,3,1,"Menthol,Dessert",Retail
28,54,Female,5,5,5,1,"Menthol,Fruity,Tobacco",Online
29,24,Female,5,5,11,1,Tobacco,Retail
30,38,Female,3,2,12,1,Fruity,Lounge
31,26,Male,4,4,12,1,Tobacco,Retail
32,35,Female,1,1,4,0,"Menthol,Spice",Online
33,21,Male,5,5,13,0,Beverage,Online
34,42,Male,3,5,4,0,Tobacco,Retail
35,31,Male,4,4,9,0,Tobacco,Online
36,26,Male,4,2,7,1,"Fruity,Spice",Retail
37,43,Female,4,1,4,0,Beverage,Retail
38,19,Female,4,2,3,0,"Spice,Dessert",Lounge
39,37,Male,4,2,6,0,Fruity,Lounge
40,45,Female,5,1,3,0,"Menthol,Fruity",Retail
41,24,Other,3,1,6,1,Spice,Online
42,25,Female,4,5,11,1,"Beverage,Tobacco",Lounge
43,52,Female,2,5,13,1,Beverage,Online
44,31,Female,2,1,11,0,"Beverage,Menthol",Online
45,34,Other,3,3,13,0,"Fruity,Spice,Menthol",Retail
46,53,Female,1,5,13,0,"Tobacco,Beverage,Spice",Retail
47,21,Male,1,3,12,1,"Dessert,Tobacco",Retail
48,19,Male,1,1,9,0,"Beverage,Tobacco",Retail
49,23,Female,2,5,6,1,"Dessert,Menthol,Beverage",Online
50,21,Male,1,2,12,0,"Menthol,Fruity",Lounge
51,46,Female,5,1,4,1,Tobacco,Retail
52,35,Male,4,4,5,0,"Fruity,Spice,Dessert",Retail
53,43,Male,2,3,13,0,"Tobacco,Dessert",Online
54,51,Male,3,1,6,1,Fruity,Online
55,27,Male,3,1,11,0,Menthol,Retail
56,53,Female,4,5,3,0,Fruity,Online
57,31,Female,2,5,8,1,"Tobacco,Dessert",Online
58,48,Female,1,5,4,1,Spice,Retail
59,32,Female,1,4,8,1,Beverage,Online
60,25,Male,5,5,10,0,Beverage,Online
61,31,Male,5,1,10,0,"Menthol,Fruity",Online
62,40,Female,1,5,3,0,"Dessert,Fruity",Online
63,38,Male,3,2,10,0,Menthol,Retail
64,33,Male,3,5,7,1,Menthol,Online
65,35,Male,5,4,11,1,Dessert,Online
66,41,Male,4,2,13,0,"Menthol,Dessert,Beverage",Retail
67,43,Other,1,1,12,1,"Spice,Dessert",Lounge
68,42,Female,5,1,9,0,"Tobacco,Dessert",Retail
69,46,Male,5,3,4,1,Fruity,Online
70,32,Female,1,2,8,0,"Fruity,Menthol",Online
71,18,Female,1,3,3,0,"Menthol,Beverage",Retail
72,42,Male,3,2,7,1,Dessert,Online
73,24,Female,4,2,3,1,Dessert,Retail
74,26,Female,4,4,12,1,Spice,Online
75,41,Male,1,3,7,0,"Spice,Dessert,Tobacco",Online
76,18,Male,2,4,14,0,"Tobacco,Spice,Fruity",Retail
77,25,Male,5,2,11,1,"Spice,Beverage",Retail
78,41,Male,5,1,10,0,"Fruity,Tobacco",Retail
79,28,Male,1,2,10,1,Tobacco,Online
80,34,Female,2,4,11,0,"Dessert,Tobacco",Online
81,25,Male,3,3,11,1,"Fruity,Beverage",Retail
82,52,Male,1,3,6,1,Spice,Retail
83,52,Female,1,4,2,0,"Menthol,Beverage,Dessert",Online
84,50,Female,5,3,11,1,Tobacco,Online
85,22,Male,1,5,3,1,Menthol,Online
86,45,Male,1,1,6,0,"Spice,Tobacco",Lounge
87,24,Male,1,1,14,1,"Tobacco,Spice",Retail
88,26,Female,5,1,4,1,"Menthol,Tobacco",Lounge
89,25,Male,3,3,6,0,Tobacco,Online
90,29,Male,3,3,1,0,"Menthol,Fruity,Spice",Lounge
91,51,Other,1,2,10,0,"Beverage,Dessert",Online
92,50,Male,5,2,12,1,"Fruity,Menthol",Online
93,40,Female,3,1,1,1,"Tobacco,Spice,Menthol",Retail
94,41,Other,3,5,3,1,"Menthol,Dessert",Online
95,54,Male,3,2,8,1,Dessert,Online
96,52,Female,5,2,8,1,"Spice,Dessert",Online
97,39,Male,5,3,11,1,Spice,Online
98,44,Female,1,5,4,0,Spice,Retail
99,52,Female,4,1,6,1,"Spice,Tobacco",Retail
100,18,Female,3,2,8,0,"Spice,Tobacco,Dessert",Retail
101,52,Male,4,5,7,1,Tobacco,Retail
102,54,Female,5,5,11,0,"Fruity,Dessert",Retail
103,31,Female,5,1,7,0,Tobacco,Online
104,20,Male,5,5,13,0,"Beverage,Dessert",Online
105,18,Female,4,5,4,0,"Dessert,Spice",Lounge
106,22,Male,5,5,9,1,"Tobacco,Menthol",Online
107,43,Male,1,2,12,0,Fruity,Retail
108,31,Male,5,1,10,1,"Tobacco,Dessert",Online
109,44,Male,2,5,6,1,"Spice,Tobacco,Beverage",Retail
110,26,Male,4,5,14,1,"Fruity,Tobacco",Retail
111,32,Female,2,2,12,0,"Tobacco,Dessert",Online
112,32,Male,5,1,11,0,"Dessert,Spice,Tobacco",Online
113,43,Female,1,3,3,1,Dessert,Retail
114,30,Male,3,2,5,1,"Menthol,Tobacco",Online
115,49,Female,5,1,5,0,"Dessert,Beverage,Tobacco",Online
116,49,Other,1,5,14,0,Fruity,Retail
117,21,Male,4,1,5,0,"Tobacco,Spice",Online
118,47,Female,2,1,8,1,Spice,Retail
119,54,Male,2,1,9,0,"Spice,Menthol",Online
120,40,Female,2,3,13,1,"Dessert,Fruity",Online
121,32,Male,4,1,9,1,Spice,Retail
122,46,Female,1,3,13,0,"Dessert,Beverage",Online
123,53,Male,4,5,6,1,Dessert,Online
124,30,Male,2,3,6,1,Beverage,Online
125,49,Female,5,5,9,1,Dessert,Online
126,24,Male,3,5,4,1,"Dessert,Tobacco,Beverage",Online
127,39,Male,4,3,6,1,Tobacco,Online
128,45,Male,4,2,4,1,"Beverage,Spice,Fruity",Online
129,19,Male,1,4,11,0,"Beverage,Tobacco",Online
130,23,Male,1,1,1,0,Dessert,Retail
131,45,Male,4,4,7,0,"Tobacco,Beverage",Retail
132,45,Male,2,1,14,0,"Menthol,Spice",Online
133,37,Male,3,1,10,0,"Menthol,Beverage",Retail
134,47,Female,1,5,11,0,Spice,Retail
135,28,Male,2,1,12,0,Spice,Retail
136,45,Male,5,1,6,1,Tobacco,Retail
137,42,Male,1,3,9,1,Beverage,Online
138,50,Male,2,4,7,1,Dessert,Retail
139,18,Female,2,3,13,1,Dessert,Online
140,44,Male,3,1,7,1,Menthol,Online
141,30,Male,3,5,2,1,Fruity,Retail
142,20,Female,5,3,12,0,Tobacco,Online
143,23,Female,2,3,11,0,Fruity,Online
144,25,Male,2,2,9,1,"Dessert,Spice,Beverage",Retail
145,44,Female,3,1,10,1,Tobacco,Retail
146,26,Female,1,5,9,1,"Dessert,Fruity",Retail
147,54,Male,1,3,6,0,Beverage,Retail
148,50,Female,4,3,13,0,"Menthol,Spice,Beverage",Online
149,41,Female,3,5,3,1,Beverage,Online
150,32,Male,4,1,1,1,"Beverage,Dessert,Tobacco",Retail
151,49,Male,3,2,4,0,"Dessert,Spice",Online
152,49,Male,5,3,14,0,Beverage,Retail
153,41,Female,2,2,14,1,"Menthol,Fruity,Tobacco",Online
154,29,Other,5,4,3,1,"Spice,Beverage",Online
155,19,Female,3,1,14,0,Fruity,Online
156,20,Male,2,4,12,1,"Fruity,Beverage",Retail
157,54,Female,1,4,1,0,"Menthol,Tobacco,Dessert",Online
158,34,Female,1,4,3,0,"Fruity,Beverage",Online
159,19,Male,4,1,14,1,Tobacco,Online
160,19,Male,3,1,14,0,"Beverage,Tobacco",Online
161,45,Female,3,5,4,1,"Dessert,Menthol",Online
162,40,Male,1,2,13,1,"Beverage,Spice,Dessert",Online
163,54,Female,5,2,13,1,"Dessert,Tobacco",Online
164,49,Male,2,5,14,0,Beverage,Online
165,50,Male,5,5,8,0,"Tobacco,Menthol,Dessert",Online
166,18,Male,5,4,9,0,Dessert,Retail
167,36,Male,1,5,3,1,Beverage,Retail
168,19,Female,1,3,6,1,"Beverage,Dessert",Online
169,43,Male,1,2,10,1,"Tobacco,Fruity",Online
170,49,Female,4,5,11,1,Fruity,Online
171,23,Male,5,3,5,1,"Fruity,Tobacco",Retail
172,49,Female,3,3,6,1,Dessert,Online
173,21,Male,2,3,4,0,"Spice,Fruity",Online
174,28,Female,4,3,10,0,"Spice,Tobacco,Menthol",Retail
175,34,Female,3,4,6,1,Beverage,Online
176,41,Male,5,3,7,0,Dessert,Retail
177,22,Male,1,4,9,0,Tobacco,Online
178,51,Female,5,4,10,1,"Fruity,Beverage,Dessert",Retail
179,23,Other,2,3,7,1,Dessert,Online
180,39,Male,4,2,6,0,Dessert,Retail
181,28,Female,4,3,1,1,"Beverage,Fruity",Retail
182,33,Female,2,3,2,1,"Tobacco,Spice",Online
183,50,Female,3,3,1,1,Tobacco,Online
184,26,Other,3,2,9,0,"Tobacco,Dessert",Online
185,23,Female,4,1,10,0,Fruity,Retail
186,33,Male,4,1,10,1,"Fruity,Menthol,Beverage",Retail
187,46,Male,1,4,9,1,Menthol,Online
188,20,Male,3,4,7,1,Dessert,Retail
189,37,Female,2,2,13,1,"Fruity,Spice",Online
190,53,Female,3,5,2,0,Beverage,Online
191,36,Male,1,1,6,0,"Beverage,Tobacco",Lounge
192,43,Female,4,4,11,1,Spice,Retail
193,20,Female,4,1,4,0,Spice,Online
194,36,Female,1,2,1,0,"Menthol,Spice",Retail
195,37,Male,2,2,1,1,"Beverage,Tobacco",Lounge
196,49,Male,4,5,12,0,"Menthol,Beverage",Retail
197,24,Male,5,5,5,0,Spice,Retail
198,50,Male,4,2,12,0,Beverage,Retail
199,35,Male,5,4,2,0,Menthol,Online
200,18,Male,1,1,4,0,Dessert,Retail
201,28,Male,1,3,1,1,"Fruity,Dessert",Online
202,45,Male,4,5,4,1,"Dessert,Tobacco,Fruity",Retail
203,42,Male,3,3,11,0,Spice,Online
204,40,Female,5,4,6,1,Tobacco,Retail
205,48,Male,2,5,10,0,Tobacco,Online
206,47,Female,4,3,4,1,Dessert,Online
207,52,Other,2,4,1,1,Tobacco,Online
208,24,Male,4,1,7,1,"Spice,Beverage,Menthol",Lounge
209,33,Male,3,4,14,1,"Beverage,Fruity",Lounge
210,43,Male,3,5,2,0,"Dessert,Tobacco,Menthol",Online
211,19,Female,3,2,9,0,"Fruity,Spice,Menthol",Lounge
212,18,Female,3,1,13,1,"Tobacco,Spice",Retail
213,29,Male,1,3,3,0,"Dessert,Tobacco",Retail
214,22,Male,1,5,8,0,Dessert,Online
215,54,Male,5,2,13,1,"Beverage,Dessert",Lounge
216,49,Male,2,4,8,1,"Dessert,Menthol,Fruity",Retail
217,26,Female,4,2,3,1,Beverage,Retail
218,52,Male,4,5,4,0,"Menthol,Fruity,Beverage",Retail
219,36,Female,1,5,2,1,Menthol,Retail
220,33,Male,4,2,4,0,"Menthol,Spice,Fruity",Retail
221,20,Other,1,4,11,0,"Menthol,Spice,Tobacco",Online
222,37,Male,5,2,11,1,"Spice,Dessert",Online
223,41,Male,2,5,11,0,"Menthol,Spice",Online
224,50,Female,5,5,14,0,"Menthol,Beverage",Online
225,41,Male,3,3,9,1,"Spice,Beverage,Fruity",Retail
226,28,Other,3,3,2,0,"Fruity,Beverage,Dessert",Retail
227,25,Female,3,1,12,0,"Beverage,Fruity",Retail
228,53,Female,5,5,12,0,"Dessert,Spice",Online
229,37,Female,4,3,13,0,"Menthol,Dessert",Online
230,52,Female,2,2,3,0,"Menthol,Spice,Dessert",Online
231,42,Female,3,4,11,1,"Menthol,Dessert",Online
232,52,Female,3,2,11,1,"Beverage,Dessert,Spice",Online
233,42,Female,3,4,4,0,"Spice,Tobacco",Retail
234,46,Male,2,3,5,1,Dessert,Online
235,35,Male,3,1,1,0,Beverage,Retail
236,35,Female,2,2,7,0,"Tobacco,Beverage",Online
237,19,Male,3,2,14,1,Dessert,Retail
238,52,Male,5,2,10,0,Fruity,Retail
239,33,Male,5,4,7,1,"Tobacco,Menthol",Lounge
240,53,Male,2,3,9,0,Fruity,Retail
241,50,Female,5,2,4,1,Menthol,Lounge
242,21,Female,2,2,14,0,"Beverage,Tobacco",Retail
243,50,Male,5,1,14,0,"Dessert,Fruity,Spice",Retail
244,31,Male,5,1,6,0,"Fruity,Dessert",Online
245,38,Female,2,3,11,1,"Beverage,Tobacco,Menthol",Online
246,37,Male,4,3,2,1,"Fruity,Menthol",Online
247,25,Female,5,5,12,1,Fruity,Retail
248,24,Male,3,1,12,0,"Dessert,Spice",Online
249,20,Male,4,5,14,0,"Tobacco,Fruity",Retail
250,34,Other,2,4,4,0,Menthol,Lounge
251,50,Male,4,5,2,1,Menthol,Online
252,29,Female,1,2,10,1,"Spice,Tobacco",Online
253,39,Female,1,5,5,0,Fruity,Lounge
254,39,Male,5,3,7,1,"Dessert,Beverage",Online
255,47,Female,5,4,13,0,Tobacco,Retail
256,25,Female,3,2,1,1,"Fruity,Beverage",Online
257,44,Male,4,5,10,1,"Fruity,Beverage",Retail
258,44,Female,1,4,10,0,Spice,Online
259,51,Female,5,4,7,0,Dessert,Retail
260,38,Female,4,2,10,1,"Tobacco,Dessert",Retail
261,47,Female,5,5,13,1,"Dessert,Spice,Menthol",Online
262,50,Male,5,4,6,1,"Spice,Menthol,Beverage",Online
263,45,Female,1,4,6,1,"Dessert,Beverage",Online
264,50,Female,1,1,12,0,"Dessert,Spice",Lounge
265,22,Female,5,4,8,1,Tobacco,Retail
266,36,Female,2,1,8,1,Beverage,Online
267,21,Female,5,5,6,1,Dessert,Online
268,52,Male,5,5,3,0,"Spice,Tobacco",Online
269,34,Female,3,5,5,0,Menthol,Retail
270,45,Male,3,3,2,0,Fruity,Retail
271,47,Female,3,5,14,0,"Fruity,Beverage",Online
272,46,Female,2,4,5,0,"Tobacco,Dessert",Retail
273,23,Male,2,2,14,0,Spice,Retail
274,52,Male,5,1,9,0,Tobacco,Lounge
275,54,Male,3,3,10,0,"Fruity,Dessert",Lounge
276,41,Male,2,5,1,1,"Dessert,Beverage",Retail
277,46,Female,1,5,10,0,"Dessert,Menthol",Retail
278,48,Female,5,2,5,0,Fruity,Online
279,52,Female,4,2,12,0,"Beverage,Menthol",Retail
280,50,Male,5,3,6,0,"Fruity,Spice,Dessert",Online
281,38,Female,4,1,14,1,Spice,Online
282,49,Male,3,5,11,0,"Fruity,Dessert,Beverage",Online
283,40,Male,4,3,7,1,Dessert,Retail
284,50,Female,3,4,9,1,Fruity,Online
285,20,Female,1,4,6,1,"Spice,Tobacco",Online
286,35,Male,4,3,5,1,Beverage,Online
287,42,Male,5,5,12,1,Tobacco,Online
288,48,Male,3,3,7,1,"Tobacco,Spice",Online
289,20,Male,5,5,13,0,"Spice,Fruity",Retail
290,41,Female,2,2,1,0,"Menthol,Dessert,Fruity",Retail
291,49,Male,3,3,11,1,"Tobacco,Beverage",Online
292,39,Male,4,5,14,0,Tobacco,Retail
293,40,Male,3,3,5,0,"Dessert,Beverage",Retail
294,19,Male,5,3,2,1,"Dessert,Fruity",Online
295,44,Male,1,5,4,1,"Spice,Dessert,Menthol",Retail
296,19,Male,3,5,7,0,"Menthol,Tobacco,Spice",Lounge
297,43,Male,4,1,5,1,"Beverage,Menthol,Fruity",Online
298,34,Male,2,3,12,0,"Beverage,Fruity",Online
299,50,Female,1,4,6,1,"Fruity,Dessert",Lounge
300,26,Male,2,3,2,0,Tobacco,Retail
301,46,Other,3,3,3,0,"Beverage,Tobacco,Menthol",Online
302,43,Male,5,5,7,1,Fruity,Retail
303,52,Female,5,3,11,0,Beverage,Online
304,42,Female,4,3,2,1,Spice,Retail
305,41,Female,5,4,12,0,"Dessert,Fruity",Online
306,30,Female,1,5,6,0,"Beverage,Spice",Online
307,24,Male,5,3,5,1,"Fruity,Menthol",Retail
308,53,Male,4,2,10,0,"Fruity,Spice,Menthol",Online
309,37,Male,3,1,1,0,"Spice,Fruity,Tobacco",Online
310,18,Female,3,4,12,0,Menthol,Retail
311,25,Male,5,3,11,1,Fruity,Retail
312,33,Male,2,2,10,1,"Dessert,Spice,Tobacco",Online
313,31,Female,3,3,11,1,"Dessert,Menthol,Spice",Retail
314,29,Female,5,3,4,0,"Dessert,Tobacco",Online
315,40,Female,4,5,11,0,"Dessert,Spice",Online
316,32,Female,5,5,2,0,Menthol,Online
317,45,Other,3,5,4,1,"Beverage,Spice,Fruity",Online
318,51,Male,4,2,1,0,"Tobacco,Dessert",Retail
319,19,Male,5,3,2,1,"Fruity,Menthol",Online
320,49,Male,1,1,13,0,Tobacco,Retail
321,40,Male,4,4,8,1,"Dessert,Tobacco,Spice",Online
322,39,Female,1,5,6,1,"Spice,Tobacco",Lounge
323,42,Male,2,5,2,1,Beverage,Retail
324,39,Female,4,3,12,0,"Dessert,Spice",Retail
325,39,Male,1,3,6,0,"Tobacco,Beverage",Online
326,23,Female,3,2,10,0,"Tobacco,Spice",Online
327,32,Female,3,2,9,0,"Menthol,Tobacco",Online
328,54,Male,2,5,7,0,"Beverage,Tobacco",Lounge
329,50,Male,4,3,9,1,"Dessert,Beverage,Tobacco",Online
330,25,Male,4,1,5,0,Spice,Retail
331,22,Male,4,4,7,1,Spice,Retail
332,21,Male,2,3,11,1,Fruity,Online
333,23,Male,4,3,14,0,"Spice,Dessert",Retail
334,49,Male,3,2,7,1,"Spice,Tobacco",Retail
335,47,Female,1,4,12,0,"Menthol,Fruity,Beverage",Retail
336,52,Female,3,5,12,0,"Menthol,Dessert",Online
337,33,Female,3,3,3,1,"Beverage,Spice",Online
338,30,Male,1,5,7,1,"Menthol,Dessert,Spice",Online
339,47,Female,3,3,1,0,Beverage,Retail
340,36,Male,2,5,9,0,"Tobacco,Fruity,Beverage",Retail
341,34,Male,1,4,10,1,"Dessert,Fruity",Online
342,36,Female,3,2,13,0,"Menthol,Tobacco",Lounge
343,45,Male,5,4,6,1,"Fruity,Tobacco",Online
344,43,Female,3,1,5,1,"Spice,Menthol",Retail
345,54,Female,2,2,7,1,Beverage,Lounge
346,43,Male,4,4,5,0,"Tobacco,Beverage",Retail
347,40,Male,3,1,10,0,"Spice,Tobacco",Retail
348,26,Male,4,3,5,0,"Fruity,Tobacco,Spice",Online
349,29,Female,5,3,11,0,"Spice,Menthol",Online
350,18,Male,3,5,10,0,"Spice,Beverage,Menthol",Retail
351,18,Male,1,2,11,0,"Menthol,Tobacco",Online
352,51,Male,4,3,7,1,"Fruity,Beverage",Online
353,49,Female,5,2,10,1,"Tobacco,Dessert",Retail
354,42,Male,1,3,7,0,"Tobacco,Dessert",Online
355,18,Male,1,5,13,0,"Spice,Dessert,Menthol",Lounge
356,33,Female,1,4,11,0,"Beverage,Dessert",Retail
357,22,Female,1,5,3,0,"Tobacco,Beverage",Retail
358,39,Male,3,1,3,1,Beverage,Retail
359,46,Male,3,3,10,1,"Beverage,Menthol",Retail
360,20,Male,3,1,12,1,Menthol,Retail
361,29,Female,5,1,13,1,"Dessert,Beverage",Retail
362,43,Male,5,2,3,1,Menthol,Online
363,33,Male,5,3,6,1,Spice,Retail
364,54,Female,2,1,12,0,Dessert,Retail
365,39,Female,5,4,6,1,Tobacco,Online
366,46,Male,3,1,13,1,Spice,Online
367,31,Female,3,4,13,0,"Fruity,Tobacco,Dessert",Retail
368,45,Male,2,2,3,0,"Beverage,Spice",Online
369,22,Male,2,1,3,0,"Beverage,Dessert",Lounge
370,47,Male,5,5,8,1,"Beverage,Menthol",Lounge
371,22,Other,4,2,8,0,Dessert,Online
372,29,Male,2,4,7,0,"Beverage,Fruity,Spice",Retail
373,33,Male,1,2,10,0,Dessert,Online
374,43,Male,3,1,4,1,Dessert,Retail
375,43,Female,1,3,4,0,"Spice,Beverage",Online
376,38,Male,3,3,3,1,Menthol,Retail
377,53,Male,3,4,5,1,"Beverage,Menthol",Online
378,50,Male,2,4,3,1,Spice,Online
379,47,Male,2,3,13,1,"Beverage,Menthol",Online
380,54,Female,1,4,8,0,"Dessert,Spice",Online
381,40,Female,3,2,7,0,Fruity,Retail
382,27,Male,1,5,13,1,"Dessert,Beverage",Online
383,22,Male,4,5,3,0,Dessert,Online
384,53,Female,1,2,9,0,"Dessert,Beverage",Retail
385,51,Male,5,5,12,1,Spice,Retail
386,48,Male,1,1,14,0,"Beverage,Spice",Retail
387,27,Other,5,2,13,1,"Menthol,Tobacco",Lounge
388,36,Female,5,4,5,0,Spice,Online
389,49,Male,5,2,9,1,"Beverage,Menthol,Dessert",Online
390,18,Male,4,3,7,1,"Fruity,Tobacco,Spice",Retail
391,22,Male,1,4,7,1,"Tobacco,Menthol",Retail
392,21,Male,1,3,6,0,"Tobacco,Spice",Lounge
393,33,Male,4,4,2,1,Fruity,Online
394,41,Male,3,5,9,1,"Beverage,Fruity",Online
395,33,Male,2,2,6,0,Fruity,Online
396,19,Female,1,1,8,0,Spice,Retail
397,45,Female,2,4,1,1,"Spice,Tobacco,Fruity",Retail
398,49,Male,4,4,5,1,"Tobacco,Fruity",Online
399,44,Male,3,3,12,0,"Beverage,Fruity",Online
400,37,Female,3,5,1,1,Fruity,Retail
401,41,Male,3,3,10,0,"Spice,Menthol",Retail
402,29,Male,4,3,11,0,Beverage,Online
403,52,Other,5,5,14,1,Spice,Retail
404,50,Male,5,1,8,1,Spice,Retail
405,50,Female,2,3,8,1,"Spice,Fruity",Retail
406,54,Other,5,3,1,1,"Fruity,Dessert",Retail
407,29,Male,5,4,9,0,Tobacco,Online
408,20,Male,3,5,2,0,"Beverage,Tobacco",Online
409,18,Male,3,2,12,0,Fruity,Retail
410,50,Female,2,1,9,1,"Tobacco,Fruity",Online
411,27,Female,1,1,1,1,"Fruity,Beverage,Dessert",Retail
412,46,Female,2,5,12,0,"Beverage,Dessert",Retail
413,30,Male,2,4,10,0,"Menthol,Fruity,Spice",Retail
414,29,Female,4,4,14,0,"Fruity,Dessert,Spice",Online
415,48,Female,4,5,14,1,"Menthol,Dessert",Online
416,19,Female,2,4,9,0,"Fruity,Beverage",Retail
417,52,Female,2,1,4,0,"Fruity,Beverage,Menthol",Online
418,40,Female,2,1,9,1,Spice,Retail
419,34,Female,5,2,7,1,Tobacco,Retail
420,43,Female,4,5,11,1,"Fruity,Menthol,Beverage",Online
421,25,Male,2,3,6,1,"Spice,Menthol",Retail
422,46,Male,3,3,5,0,Tobacco,Online
423,43,Female,3,2,11,1,"Fruity,Beverage",Online
424,27,Male,5,2,9,1,"Dessert,Fruity",Lounge
425,43,Female,5,4,2,1,"Spice,Dessert",Lounge
426,51,Other,1,2,14,0,"Fruity,Menthol",Online
427,24,Female,1,2,13,0,"Tobacco,Menthol",Lounge
428,21,Male,1,3,11,0,"Beverage,Tobacco",Online
429,28,Male,5,4,14,0,"Fruity,Spice",Online
430,46,Male,5,2,12,1,"Beverage,Dessert",Online
431,53,Female,5,2,2,0,"Tobacco,Fruity",Lounge
432,42,Female,3,4,11,0,"Beverage,Dessert",Online
433,38,Female,5,5,12,0,Beverage,Retail
434,53,Male,3,4,9,0,"Menthol,Spice",Retail
435,27,Female,1,3,12,0,"Spice,Menthol,Tobacco",Retail
436,54,Female,1,5,3,0,Tobacco,Online
437,26,Male,1,1,8,0,Beverage,Online
438,41,Female,2,4,11,1,"Beverage,Fruity",Online
439,52,Male,2,3,9,1,"Dessert,Beverage,Spice",Retail
440,52,Male,4,5,8,0,Tobacco,Retail
441,53,Female,4,4,4,1,Spice,Retail
442,35,Male,4,2,12,1,Dessert,Retail
443,49,Female,2,4,1,1,"Menthol,Tobacco",Online
444,41,Female,2,1,4,0,Beverage,Retail
445,40,Female,4,4,14,0,Spice,Retail
446,49,Male,4,5,9,0,"Dessert,Beverage",Online
447,54,Male,5,5,2,0,"Menthol,Dessert,Spice",Online
448,29,Female,4,4,3,0,"Dessert,Beverage",Retail
449,30,Male,5,5,10,1,Menthol,Retail
450,40,Male,3,2,8,0,"Beverage,Tobacco",Online
451,42,Male,2,4,6,0,"Tobacco,Menthol,Fruity",Retail
452,52,Female,4,2,8,1,"Fruity,Spice",Online
453,47,Male,2,2,7,0,"Tobacco,Dessert,Menthol",Online
454,34,Female,2,3,14,1,"Dessert,Beverage,Spice",Retail
455,37,Female,2,4,13,1,Fruity,Retail
456,42,Male,3,5,13,1,"Menthol,Spice",Retail
457,39,Male,1,2,5,1,Spice,Online
458,30,Female,4,3,9,0,"Menthol,Spice",Online
459,36,Female,1,4,4,1,Dessert,Online
460,53,Female,1,4,6,1,Dessert,Online
461,29,Female,1,1,2,1,"Tobacco,Beverage,Dessert",Online
462,36,Male,2,1,2,1,Dessert,Online
463,29,Male,5,2,2,1,"Spice,Fruity,Dessert",Online
464,26,Male,2,1,10,0,Menthol,Online
465,24,Male,2,2,7,1,Tobacco,Retail
466,45,Male,1,5,13,0,"Tobacco,Fruity,Spice",Online
467,31,Male,2,2,2,1,"Beverage,Menthol",Online
468,48,Male,1,1,12,1,"Spice,Dessert",Retail
469,36,Female,5,5,13,0,Beverage,Online
470,33,Female,4,1,2,0,"Dessert,Fruity",Retail
471,22,Male,1,2,9,0,"Dessert,Spice",Online
472,52,Female,5,3,7,1,"Beverage,Spice",Online
473,29,Male,4,4,11,1,"Fruity,Beverage",Online
474,42,Female,3,1,3,1,"Spice,Fruity,Dessert",Online
475,38,Male,1,2,3,1,"Spice,Menthol",Retail
476,53,Female,1,5,7,1,"Beverage,Dessert,Menthol",Lounge
477,40,Female,3,1,5,0,"Beverage,Menthol",Online
478,33,Male,3,1,10,0,"Fruity,Tobacco",Online
479,31,Male,1,4,14,1,Menthol,Retail
480,48,Male,3,2,14,0,Spice,Online
481,22,Male,2,3,6,0,"Tobacco,Menthol,Beverage",Retail
482,52,Male,4,5,13,0,Spice,Online
483,40,Female,4,2,12,0,Menthol,Lounge
484,46,Male,4,5,8,1,Spice,Online
485,28,Female,2,1,9,0,Menthol,Online
486,35,Female,3,4,1,1,"Tobacco,Fruity,Beverage",Retail
487,29,Male,5,4,3,0,"Dessert,Spice,Menthol",Retail
488,26,Female,3,3,11,0,"Tobacco,Spice",Online
489,27,Male,1,4,7,0,Tobacco,Retail
490,34,Female,4,1,6,1,"Menthol,Dessert",Retail
491,24,Male,3,3,7,1,"Spice,Tobacco",Online
492,30,Other,5,2,8,1,"Beverage,Fruity,Dessert",Retail
493,26,Female,1,4,6,1,"Menthol,Beverage",Online
494,44,Male,2,3,3,1,Fruity,Retail
495,19,Male,2,1,2,1,"Tobacco,Menthol",Lounge
496,22,Female,5,5,12,1,"Tobacco,Dessert,Fruity",Online
497,46,Female,1,5,7,1,"Beverage,Menthol",Online
498,54,Male,4,1,12,0,"Tobacco,Spice",Online
499,36,Male,3,1,12,1,Dessert,Online
500,25,Female,1,5,12,1,"Tobacco,Menthol",Lounge
501,18,Male,2,3,11,1,"Fruity,Dessert",Online
502,39,Female,5,5,1,0,Fruity,Online
503,34,Male,5,1,3,1,"Spice,Dessert",Retail
504,24,Male,3,4,12,1,Spice,Retail
505,42,Female,5,2,11,0,Fruity,Online
506,21,Male,5,4,4,1,Tobacco,Retail
507,53,Male,1,4,13,0,Fruity,Retail
508,23,Male,4,1,14,0,"Beverage,Dessert",Lounge
509,48,Male,3,5,1,0,Menthol,Retail
510,36,Female,1,3,5,0,Spice,Retail
511,44,Male,4,4,10,1,"Menthol,Beverage,Fruity",Online
512,27,Female,1,5,3,0,"Dessert,Spice",Online
513,43,Female,1,3,2,0,"Spice,Menthol",Retail
514,36,Female,5,4,3,0,"Beverage,Menthol",Lounge
515,20,Male,4,3,8,0,"Beverage,Tobacco",Retail
516,30,Male,3,5,6,0,Beverage,Lounge
517,45,Female,3,2,13,1,"Dessert,Fruity,Spice",Online
518,37,Female,4,5,14,0,Spice,Retail
519,45,Male,5,1,7,1,"Spice,Tobacco",Retail
520,25,Male,2,3,12,1,Fruity,Retail
521,18,Male,1,2,6,0,"Spice,Fruity",Online
522,20,Female,5,3,6,1,"Beverage,Tobacco",Online
523,30,Female,4,3,12,0,"Tobacco,Spice",Retail
524,45,Female,1,4,3,0,Tobacco,Online
525,42,Female,3,1,12,0,"Menthol,Fruity",Lounge
526,50,Female,2,3,13,0,"Dessert,Beverage,Fruity",Online
527,23,Male,3,5,14,1,"Fruity,Beverage,Menthol",Retail
528,49,Male,4,5,8,1,Beverage,Retail
529,38,Male,1,4,12,0,Fruity,Retail
530,33,Male,4,1,7,1,"Dessert,Spice,Beverage",Online
531,38,Female,1,1,7,0,"Fruity,Beverage",Lounge
532,28,Male,5,5,6,1,"Menthol,Fruity",Retail
533,54,Male,2,2,5,0,"Beverage,Dessert,Spice",Online
534,53,Male,5,4,10,0,"Menthol,Tobacco,Fruity",Retail
535,52,Male,5,4,8,0,"Menthol,Spice",Online
536,36,Male,4,5,5,0,"Menthol,Beverage",Online
537,37,Male,2,5,9,1,Beverage,Online
538,35,Female,1,2,9,1,"Spice,Dessert",Retail
539,31,Male,1,2,1,0,Spice,Online
540,32,Female,3,1,6,1,Dessert,Retail
541,48,Male,1,4,7,1,Dessert,Online
542,18,Male,4,4,3,1,Dessert,Online
543,20,Male,5,5,7,0,"Menthol,Spice",Lounge
544,33,Female,5,1,11,0,"Menthol,Tobacco",Retail
545,40,Female,5,4,11,1,"Tobacco,Menthol",Lounge
546,28,Male,2,1,7,1,Spice,Online
547,29,Male,1,1,14,0,"Menthol,Spice,Dessert",Online
548,27,Female,4,5,13,0,Beverage,Retail
549,49,Male,2,1,11,0,"Dessert,Beverage",Retail
550,33,Male,3,2,2,1,"Dessert,Spice,Menthol",Online
551,25,Female,4,2,7,1,"Fruity,Tobacco",Online
552,29,Female,4,3,1,0,"Tobacco,Fruity",Retail
553,41,Male,4,5,5,1,"Menthol,Dessert,Tobacco",Online
554,45,Female,5,3,9,1,Dessert,Retail
555,25,Female,4,2,7,1,"Spice,Menthol",Online
556,45,Male,1,3,7,1,"Tobacco,Beverage",Online
557,53,Female,4,5,11,1,Fruity,Lounge
558,43,Female,5,5,13,0,"Tobacco,Beverage,Dessert",Online
559,25,Male,4,1,12,1,"Menthol,Dessert,Beverage",Online
560,45,Male,3,4,2,0,"Tobacco,Fruity",Retail
561,45,Male,3,1,8,0,Dessert,Online
562,54,Female,5,5,3,0,Tobacco,Online
563,53,Male,1,2,8,0,"Beverage,Spice",Retail
564,44,Female,1,2,3,0,Spice,Online
565,34,Female,2,1,10,0,"Menthol,Tobacco",Online
566,26,Male,5,5,7,1,"Tobacco,Spice",Online
567,50,Female,4,2,2,0,"Beverage,Menthol",Retail
568,37,Male,5,5,4,1,"Dessert,Spice",Retail
569,30,Female,2,2,11,0,"Dessert,Spice",Retail
570,45,Female,5,5,6,1,Menthol,Online
571,46,Male,5,3,11,1,Spice,Retail
572,30,Male,2,5,9,0,"Tobacco,Spice",Lounge
573,52,Male,1,5,5,1,"Menthol,Tobacco",Online
574,23,Male,4,1,13,1,"Menthol,Tobacco",Retail
575,35,Male,2,3,9,1,"Spice,Tobacco",Retail
576,22,Male,3,4,5,1,"Dessert,Beverage,Tobacco",Retail
577,42,Other,1,1,10,1,Fruity,Lounge
578,19,Male,3,4,8,1,Tobacco,Online
579,27,Male,1,2,13,0,Fruity,Online
580,47,Female,4,4,13,0,"Fruity,Dessert",Online
581,22,Male,4,5,1,1,"Dessert,Fruity",Online
582,50,Other,5,4,7,0,"Fruity,Dessert,Tobacco",Online
583,18,Female,3,1,4,1,"Beverage,Dessert",Retail
584,35,Female,1,1,5,0,"Beverage,Dessert,Spice",Online
585,49,Male,4,4,6,1,"Dessert,Tobacco,Fruity",Online
586,28,Male,2,1,5,1,Tobacco,Retail
587,38,Male,4,1,12,0,"Fruity,Tobacco",Online
588,43,Female,2,4,1,0,"Dessert,Menthol",Lounge
589,42,Male,1,3,12,1,Fruity,Retail
590,39,Male,4,3,9,1,"Spice,Menthol",Online
591,44,Other,4,2,2,0,"Tobacco,Beverage",Online
592,30,Male,1,1,9,0,Menthol,Online
593,50,Male,4,4,10,1,"Spice,Dessert",Retail
594,51,Male,2,1,2,1,"Dessert,Spice",Online
595,52,Other,4,5,9,0,Dessert,Retail
596,18,Male,3,1,6,0,"Beverage,Spice",Retail
597,38,Female,5,1,11,1,Dessert,Online
598,23,Female,2,3,9,0,"Menthol,Beverage",Retail
599,45,Male,3,4,13,0,Beverage,Online
600,34,Female,1,1,6,1,"Tobacco,Beverage,Dessert",Lounge
601,22,Male,2,3,6,0,"Fruity,Tobacco",Online
602,48,Male,5,2,13,1,Beverage,Retail
603,22,Female,5,3,11,0,"Spice,Menthol",Online
604,20,Female,1,3,14,1,"Fruity,Dessert",Retail
605,40,Female,1,3,2,1,"Tobacco,Spice",Online
606,54,Male,2,1,8,0,"Dessert,Beverage",Online
607,54,Male,4,1,3,1,"Dessert,Beverage",Retail
608,27,Male,1,2,7,0,Spice,Online
609,27,Male,4,5,5,1,Tobacco,Retail
610,36,Male,3,5,3,1,"Beverage,Fruity",Retail
611,34,Male,5,5,1,0,"Spice,Beverage",Online
612,38,Male,4,2,8,0,Beverage,Online
613,31,Male,5,5,3,0,"Fruity,Dessert,Beverage",Online
614,26,Male,4,5,2,1,Menthol,Retail
615,18,Male,3,3,1,0,"Beverage,Fruity",Online
616,30,Female,1,1,4,0,Tobacco,Online
617,21,Male,3,1,13,0,Dessert,Online
618,18,Female,1,3,8,0,"Menthol,Beverage,Fruity",Online
619,49,Female,1,3,13,1,Beverage,Lounge
620,51,Male,5,3,3,0,"Fruity,Spice",Online
621,45,Female,3,1,14,1,Spice,Retail
622,48,Female,4,5,1,0,"Dessert,Tobacco",Retail
623,25,Female,3,3,4,0,"Dessert,Beverage,Tobacco",Retail
624,43,Male,5,2,9,1,Menthol,Online
625,51,Male,1,3,13,1,"Beverage,Menthol,Spice",Retail
626,20,Male,5,4,1,1,"Spice,Tobacco",Retail
627,29,Male,2,3,12,0,"Menthol,Spice",Online
628,18,Female,2,1,14,0,"Fruity,Spice",Online
629,22,Female,4,3,11,1,"Tobacco,Spice,Fruity",Online
630,47,Male,5,4,2,0,Menthol,Online
631,47,Female,4,2,9,0,Beverage,Online
632,34,Male,4,5,2,1,"Beverage,Fruity,Spice",Retail
633,40,Male,2,3,13,1,"Beverage,Dessert",Online
634,32,Female,4,4,3,1,Menthol,Online
635,54,Male,2,4,7,1,"Dessert,Fruity",Retail
636,38,Male,1,2,3,1,"Menthol,Beverage",Online
637,31,Male,5,1,9,0,"Spice,Tobacco",Retail
638,19,Male,4,3,6,0,Beverage,Online
639,28,Female,2,4,3,1,"Beverage,Fruity",Lounge
640,51,Female,3,2,9,1,Menthol,Online
641,51,Female,4,5,1,0,"Fruity,Tobacco",Retail
642,35,Female,1,4,10,0,"Dessert,Spice,Tobacco",Retail
643,47,Male,1,2,3,0,"Menthol,Beverage",Online
644,32,Male,3,1,1,1,Tobacco,Online
645,44,Female,2,1,2,0,Tobacco,Retail
646,51,Male,4,4,12,0,"Fruity,Dessert",Online
647,50,Female,2,4,8,1,"Beverage,Menthol",Retail
648,41,Female,1,3,7,1,Spice,Lounge
649,32,Male,2,2,2,0,"Spice,Beverage",Online
650,47,Female,1,4,2,1,Tobacco,Online
651,34,Female,2,3,9,1,Beverage,Online
652,22,Female,3,3,13,0,Dessert,Online
653,46,Male,5,4,13,0,Dessert,Retail
654,21,Male,3,1,6,0,Spice,Retail
655,27,Male,3,2,5,0,"Fruity,Tobacco",Online
656,34,Male,5,2,10,1,"Dessert,Tobacco,Menthol",Online
657,27,Male,5,1,6,0,"Menthol,Beverage",Online
658,34,Female,4,4,9,1,Menthol,Online
659,37,Male,4,2,11,0,Fruity,Retail
660,41,Female,3,4,7,0,Dessert,Online
661,22,Female,3,4,10,1,Spice,Retail
662,51,Female,1,3,10,0,"Beverage,Spice",Retail
663,23,Male,1,1,14,0,"Dessert,Fruity",Retail
664,19,Female,4,4,9,0,Tobacco,Online
665,30,Male,4,5,4,0,Spice,Retail
666,28,Male,1,1,2,1,Tobacco,Retail
667,40,Female,1,2,12,0,Menthol,Retail
668,33,Male,2,3,8,1,"Fruity,Beverage",Online
669,48,Male,2,2,4,1,Beverage,Online
670,28,Female,1,2,13,0,"Tobacco,Fruity",Retail
671,33,Male,2,1,9,0,"Menthol,Tobacco",Online
672,25,Male,5,2,4,1,"Dessert,Tobacco,Fruity",Online
673,21,Male,4,4,8,1,"Tobacco,Spice,Fruity",Lounge
674,21,Female,4,2,9,0,"Spice,Fruity",Online
675,42,Female,1,3,13,1,Dessert,Online
676,20,Male,3,3,9,0,"Beverage,Fruity",Online
677,49,Male,1,5,10,1,"Beverage,Fruity",Retail
678,20,Male,2,3,4,0,Fruity,Online
679,44,Male,3,2,1,1,"Dessert,Tobacco",Retail
680,46,Female,2,3,3,1,"Tobacco,Beverage,Dessert",Online
681,49,Male,5,1,9,0,"Dessert,Spice",Online
682,36,Male,2,3,4,0,Tobacco,Retail
683,38,Female,5,4,5,0,Dessert,Online
684,22,Female,5,1,7,1,"Menthol,Tobacco",Lounge
685,35,Female,2,5,5,0,Tobacco,Online
686,45,Male,2,4,4,0,"Beverage,Spice",Online
687,39,Male,5,2,2,1,"Beverage,Dessert",Online
688,38,Male,3,2,2,1,Beverage,Online
689,23,Male,5,2,13,1,"Spice,Beverage,Menthol",Lounge
690,18,Female,4,4,13,1,"Tobacco,Beverage",Retail
691,22,Female,5,4,4,0,Fruity,Online
692,29,Female,3,4,10,1,"Fruity,Tobacco",Retail
693,43,Female,4,1,13,0,"Tobacco,Spice",Retail
694,51,Male,1,1,10,0,"Fruity,Spice",Online
695,31,Female,1,2,13,1,"Tobacco,Menthol,Beverage",Online
696,43,Male,3,3,9,1,"Menthol,Fruity",Lounge
697,44,Male,5,2,8,0,"Beverage,Fruity,Tobacco",Lounge
698,26,Male,2,5,3,1,"Menthol,Fruity",Lounge
699,43,Male,3,1,14,0,"Spice,Menthol",Retail
700,39,Male,4,4,9,0,"Dessert,Spice,Menthol",Retail
701,47,Other,4,1,14,1,"Spice,Dessert",Online
702,34,Male,1,4,5,0,Tobacco,Online
703,43,Male,4,5,11,0,"Beverage,Fruity",Online
704,53,Male,3,5,3,1,"Dessert,Beverage",Retail
705,18,Female,4,1,5,1,Tobacco,Retail
706,25,Female,3,4,13,0,"Tobacco,Beverage,Fruity",Retail
707,52,Female,2,5,10,1,Spice,Lounge
708,32,Male,1,2,13,1,Beverage,Retail
709,39,Female,4,2,4,1,"Spice,Dessert,Tobacco",Lounge
710,31,Male,3,4,8,1,"Menthol,Fruity",Online
711,43,Female,5,1,13,0,Beverage,Retail
712,45,Female,1,5,12,0,"Fruity,Beverage",Retail
713,40,Male,2,1,5,0,"Dessert,Spice",Online
714,31,Male,3,2,10,1,Dessert,Lounge
715,41,Male,2,5,12,1,"Tobacco,Menthol,Dessert",Retail
716,19,Male,2,1,8,1,"Menthol,Beverage",Online
717,43,Male,4,3,9,1,"Dessert,Fruity",Online
718,31,Female,4,4,4,0,"Beverage,Menthol",Retail
719,24,Male,3,4,7,0,"Spice,Dessert",Retail
720,20,Male,5,3,2,0,Spice,Lounge
721,40,Male,3,2,6,0,Dessert,Online
722,35,Male,5,5,8,0,"Dessert,Spice",Online
723,52,Female,2,4,12,0,"Menthol,Tobacco,Beverage",Online
724,32,Male,1,3,7,1,Dessert,Online
725,42,Female,3,3,7,1,"Dessert,Fruity",Online
726,54,Female,3,2,8,1,"Menthol,Tobacco,Spice",Lounge
727,45,Female,5,2,7,1,Beverage,Online
728,27,Female,2,1,5,0,Beverage,Online
729,34,Male,2,4,7,1,Tobacco,Online
730,39,Female,5,1,13,1,"Tobacco,Fruity",Online
731,43,Male,2,3,14,1,Menthol,Retail
732,42,Male,4,5,10,0,"Spice,Beverage",Retail
733,34,Female,1,5,3,0,"Fruity,Menthol",Retail
734,30,Female,3,2,5,0,"Dessert,Menthol",Online
735,37,Female,1,5,7,1,Spice,Online
736,42,Male,3,5,9,1,"Menthol,Dessert",Online
737,21,Male,4,5,2,1,"Spice,Dessert",Online
738,27,Female,2,3,4,0,"Menthol,Dessert,Fruity",Retail
739,20,Male,5,5,12,1,"Menthol,Spice,Tobacco",Online
740,35,Female,4,5,7,1,"Spice,Tobacco",Retail
741,53,Female,1,5,1,0,"Dessert,Menthol",Online
742,39,Male,5,1,13,0,Spice,Retail
743,51,Male,2,3,2,1,Spice,Lounge
744,25,Male,4,2,9,0,Menthol,Retail
745,36,Male,5,1,13,1,"Menthol,Beverage",Retail
746,54,Female,4,4,10,1,Dessert,Lounge
747,23,Male,4,3,7,1,Beverage,Retail
748,43,Female,2,3,12,1,"Beverage,Menthol,Fruity",Online
749,51,Male,3,4,10,1,Spice,Online
750,23,Other,5,4,7,1,Fruity,Retail
751,54,Male,2,4,6,0,Spice,Retail
752,50,Male,4,2,3,0,"Dessert,Menthol",Online
753,39,Male,2,5,10,0,"Beverage,Tobacco",Online
754,38,Female,3,3,3,1,Beverage,Lounge
755,23,Female,5,5,2,0,"Beverage,Dessert",Online
756,23,Female,3,5,11,0,"Dessert,Tobacco",Online
757,21,Male,1,4,6,0,"Spice,Beverage,Dessert",Online
758,47,Male,5,2,4,1,"Tobacco,Menthol,Beverage",Retail
759,28,Male,3,1,5,1,"Beverage,Spice,Menthol",Online
760,47,Male,4,2,3,1,"Beverage,Fruity",Retail
761,48,Male,5,5,6,1,Spice,Online
762,41,Other,5,2,11,1,Spice,Retail
763,26,Other,2,4,12,1,Beverage,Retail
764,20,Female,4,1,3,1,"Spice,Fruity",Online
765,48,Female,1,4,14,1,"Tobacco,Fruity,Dessert",Online
766,54,Male,3,1,14,0,"Beverage,Menthol",Online
767,53,Male,2,5,8,1,Menthol,Online
768,41,Male,3,1,9,0,"Beverage,Menthol",Retail
769,48,Female,1,1,4,0,"Beverage,Dessert,Fruity",Online
770,23,Male,1,1,9,1,"Fruity,Spice",Retail
771,19,Male,5,2,12,0,"Dessert,Beverage,Fruity",Online
772,37,Male,1,2,7,0,"Fruity,Dessert,Menthol",Online
773,45,Male,3,5,3,1,"Fruity,Beverage,Dessert",Online
774,28,Female,4,1,7,0,"Tobacco,Beverage",Retail
775,21,Female,4,3,14,1,"Dessert,Spice",Online
776,32,Male,5,5,1,1,Beverage,Retail
777,23,Other,3,1,3,1,Fruity,Online
778,47,Female,3,1,6,1,"Fruity,Dessert",Online
779,19,Male,1,2,4,1,Fruity,Retail
780,32,Male,3,5,7,1,"Menthol,Fruity,Dessert",Retail
781,28,Male,2,1,14,1,Menthol,Online
782,25,Male,1,1,3,1,"Tobacco,Dessert,Menthol",Retail
783,43,Female,2,5,1,1,Dessert,Online
784,22,Male,5,3,9,1,Menthol,Retail
785,23,Female,4,5,6,0,"Spice,Tobacco,Dessert",Retail
786,43,Male,5,5,8,0,Tobacco,Retail
787,21,Male,4,3,3,1,Fruity,Retail
788,36,Male,5,5,8,0,Fruity,Online
789,37,Male,3,1,2,0,"Beverage,Menthol",Retail
790,50,Male,2,5,12,1,Tobacco,Online
791,37,Female,4,3,4,0,"Fruity,Tobacco",Online
792,29,Male,1,4,3,0,"Fruity,Menthol",Online
793,18,Female,2,5,10,1,"Fruity,Beverage",Lounge
794,43,Male,1,2,1,1,"Tobacco,Spice",Retail
795,31,Male,2,1,13,0,"Beverage,Dessert",Online
796,54,Male,2,1,13,1,Fruity,Retail
797,28,Female,5,2,7,1,"Spice,Menthol,Fruity",Retail
798,53,Male,4,2,11,0,Fruity,Online
799,30,Male,4,5,10,0,"Fruity,Tobacco",Online
800,20,Male,2,2,2,1,"Dessert,Spice",Retail
801,50,Male,3,4,4,1,"Menthol,Fruity,Tobacco",Online
802,23,Male,3,3,9,1,"Menthol,Tobacco",Online
803,27,Male,1,2,6,1,Spice,Retail
804,22,Female,1,2,8,1,"Spice,Tobacco",Lounge
805,40,Female,5,4,2,0,"Dessert,Menthol",Retail
806,27,Male,2,1,7,1,Menthol,Retail
807,19,Male,1,1,6,0,"Tobacco,Spice",Online
808,30,Other,1,5,13,1,"Dessert,Beverage",Online
809,19,Female,2,4,14,1,"Beverage,Tobacco,Fruity",Retail
810,37,Male,5,3,9,0,"Beverage,Menthol",Online
811,18,Female,1,3,7,1,Beverage,Retail
812,54,Male,5,4,1,0,Menthol,Online
813,26,Male,4,3,14,0,"Dessert,Spice,Beverage",Online
814,34,Female,5,1,8,1,"Tobacco,Beverage,Dessert",Online
815,26,Male,3,3,11,0,Spice,Lounge
816,28,Other,3,3,10,1,Beverage,Online
817,32,Female,5,4,3,0,"Tobacco,Menthol",Online
818,41,Male,3,4,14,1,Fruity,Online
819,52,Male,4,3,2,1,Fruity,Retail
820,47,Male,2,2,12,1,Spice,Online
821,48,Male,3,4,3,1,Tobacco,Online
822,22,Female,3,5,11,1,"Menthol,Spice",Online
823,31,Male,5,5,6,0,"Dessert,Beverage",Retail
824,28,Male,4,1,13,0,Tobacco,Online
825,26,Female,2,3,14,0,Menthol,Online
826,51,Male,5,2,3,0,Spice,Online
827,29,Female,5,1,10,1,"Dessert,Fruity",Retail
828,52,Male,4,3,5,0,Beverage,Retail
829,52,Other,2,4,6,1,"Spice,Beverage",Online
830,18,Male,4,5,8,1,"Tobacco,Spice",Lounge
831,39,Male,2,2,7,0,Fruity,Lounge
832,46,Male,4,5,14,1,Menthol,Online
833,25,Male,5,4,11,0,Menthol,Retail
834,28,Female,5,3,8,1,"Tobacco,Menthol",Retail
835,54,Female,1,4,3,0,"Beverage,Menthol,Spice",Retail
836,31,Female,3,4,4,1,Menthol,Online
837,47,Male,4,5,6,1,"Tobacco,Fruity,Menthol",Online
838,52,Male,1,2,11,0,Fruity,Online
839,38,Male,3,4,7,0,"Dessert,Beverage,Tobacco",Retail
840,54,Female,4,5,9,1,"Beverage,Menthol",Online
841,22,Female,2,2,13,0,"Fruity,Beverage",Online
842,36,Male,3,3,1,1,"Menthol,Dessert",Online
843,31,Male,5,3,13,1,"Spice,Dessert",Online
844,43,Male,1,1,8,0,"Dessert,Fruity,Beverage",Retail
845,21,Female,3,5,8,1,"Tobacco,Menthol",Online
846,42,Female,3,2,6,1,"Dessert,Spice",Online
847,42,Female,5,4,4,1,Beverage,Lounge
848,35,Male,4,3,3,1,Spice,Online
849,25,Male,2,2,11,0,"Spice,Dessert,Menthol",Retail
850,31,Female,5,5,3,0,"Menthol,Dessert",Online
851,49,Female,2,1,6,1,"Menthol,Fruity",Online
852,50,Male,4,3,13,1,"Spice,Dessert",Retail
853,40,Female,3,2,8,0,"Spice,Menthol,Tobacco",Retail
854,32,Female,2,2,7,1,"Beverage,Spice",Online
855,50,Female,1,2,11,0,"Spice,Dessert",Lounge
856,42,Female,1,5,1,0,"Fruity,Dessert",Lounge
857,34,Male,5,5,11,1,Beverage,Lounge
858,50,Male,4,5,6,0,Spice,Online
859,19,Male,5,4,7,1,"Beverage,Menthol,Fruity",Online
860,31,Female,5,2,12,0,Dessert,Retail
861,23,Female,5,3,7,1,"Fruity,Menthol,Dessert",Retail
862,23,Female,1,5,9,0,Dessert,Online
863,20,Male,1,5,11,1,Beverage,Retail
864,24,Female,5,2,11,1,"Tobacco,Dessert,Spice",Online
865,25,Female,1,5,10,0,"Beverage,Menthol",Online
866,32,Female,4,4,5,1,Beverage,Online
867,46,Female,5,4,1,0,"Beverage,Dessert",Retail
868,50,Female,1,5,2,0,"Tobacco,Fruity",Online
869,47,Male,2,2,4,1,"Tobacco,Dessert",Retail
870,44,Male,5,2,5,0,Spice,Retail
871,53,Male,5,2,9,1,"Fruity,Dessert,Menthol",Retail
872,46,Male,4,1,11,1,"Beverage,Dessert,Spice",Lounge
873,50,Female,3,5,1,1,Fruity,Retail
874,54,Female,3,2,3,0,"Fruity,Dessert,Beverage",Lounge
875,44,Male,4,4,5,0,"Fruity,Beverage,Dessert",Online
876,50,Male,4,3,3,0,"Tobacco,Menthol",Online
877,21,Female,4,3,4,1,"Beverage,Fruity",Online
878,39,Male,3,2,14,1,Spice,Online
879,19,Male,4,3,3,1,Spice,Retail
880,27,Male,1,3,4,0,"Menthol,Fruity",Online
881,22,Male,5,1,14,0,"Spice,Menthol,Tobacco",Online
882,27,Male,5,4,13,0,"Menthol,Tobacco",Retail
883,50,Male,2,4,13,0,"Spice,Beverage",Retail
884,30,Male,2,1,1,0,Beverage,Online
885,48,Female,5,1,12,0,Tobacco,Retail
886,53,Male,1,3,8,0,"Dessert,Fruity",Online
887,41,Female,3,5,4,0,Dessert,Online
888,32,Male,3,3,7,0,"Beverage,Dessert",Retail
889,46,Male,1,1,2,0,Spice,Retail
890,25,Female,3,4,2,0,"Fruity,Menthol",Online
891,22,Male,4,3,6,0,Dessert,Retail
892,46,Male,5,5,14,1,"Fruity,Spice",Online
893,21,Female,5,3,2,0,"Menthol,Tobacco",Online
894,29,Female,1,2,6,0,Fruity,Online
895,19,Male,3,3,11,0,Menthol,Retail
896,44,Male,2,1,2,0,Spice,Retail
897,48,Female,2,4,4,0,"Menthol,Fruity,Spice",Online
898,53,Male,3,4,7,0,Dessert,Online
899,53,Female,2,1,8,1,"Beverage,Tobacco",Retail
900,43,Female,1,2,3,0,"Dessert,Tobacco,Spice",Online
901,44,Other,1,1,14,0,"Spice,Dessert",Online
902,22,Male,3,3,13,1,Dessert,Retail
903,37,Female,2,1,9,0,"Dessert,Tobacco,Spice",Online
904,28,Male,1,1,2,0,Beverage,Retail
905,27,Male,1,2,8,1,"Menthol,Fruity",Online
906,23,Male,4,3,8,1,"Dessert,Beverage,Spice",Retail
907,25,Female,4,5,13,0,"Beverage,Menthol",Online
908,40,Male,1,5,14,1,"Menthol,Beverage",Retail
909,43,Male,3,4,4,0,Tobacco,Online
910,29,Male,5,1,1,0,Tobacco,Retail
911,43,Female,5,4,13,1,"Dessert,Tobacco",Retail
912,30,Female,1,2,1,0,Fruity,Online
913,35,Female,1,5,2,0,"Fruity,Spice,Menthol",Online
914,42,Male,1,1,14,1,"Spice,Fruity,Tobacco",Retail
915,50,Male,3,2,12,1,"Dessert,Menthol,Fruity",Lounge
916,29,Female,4,2,14,0,"Dessert,Spice",Online
917,53,Male,1,1,9,1,"Dessert,Tobacco",Online
918,21,Male,1,2,13,0,"Tobacco,Fruity,Beverage",Retail
919,22,Female,2,1,2,1,"Fruity,Beverage,Dessert",Online
920,54,Other,3,1,2,0,"Menthol,Spice",Lounge
921,25,Female,1,3,6,0,Tobacco,Retail
922,45,Female,2,4,7,0,Beverage,Retail
923,48,Female,5,2,13,0,"Tobacco,Menthol",Online
924,26,Male,1,2,7,0,"Spice,Dessert",Online
925,46,Female,1,3,13,1,"Beverage,Menthol,Tobacco",Retail
926,31,Other,2,3,9,1,Dessert,Lounge
927,39,Male,3,3,6,0,Tobacco,Lounge
928,28,Female,1,5,14,0,Beverage,Online
929,40,Female,5,5,8,0,Spice,Online
930,18,Female,1,5,11,1,Beverage,Online
931,54,Female,5,1,6,1,"Dessert,Beverage",Retail
932,38,Female,4,2,2,1,"Menthol,Fruity",Online
933,43,Female,4,4,1,1,"Tobacco,Menthol",Online
934,53,Male,5,1,5,0,Menthol,Online
935,40,Female,3,2,14,0,Tobacco,Online
936,18,Male,1,2,9,1,"Tobacco,Menthol",Lounge
937,32,Male,1,3,8,1,"Menthol,Dessert,Beverage",Online
938,38,Male,4,3,14,0,Dessert,Online
939,26,Male,5,1,13,0,"Tobacco,Menthol,Beverage",Online
940,26,Male,1,3,4,1,Tobacco,Online
941,27,Female,1,2,5,0,"Fruity,Tobacco,Menthol",Online
942,43,Female,3,3,13,0,"Dessert,Spice,Fruity",Online
943,52,Female,2,5,5,1,Beverage,Retail
944,42,Male,4,3,6,0,"Dessert,Tobacco",Online
945,43,Female,4,2,3,0,Beverage,Online
946,28,Female,2,1,5,1,"Menthol,Fruity,Spice",Online
947,19,Female,1,4,2,1,"Beverage,Dessert",Retail
948,24,Male,3,3,10,1,"Fruity,Tobacco",Retail
949,35,Male,3,2,1,0,"Tobacco,Dessert",Retail
950,44,Male,4,4,11,0,"Fruity,Menthol,Tobacco",Retail
951,51,Male,3,4,1,1,Beverage,Retail
952,44,Male,2,5,10,1,"Spice,Beverage",Online
953,34,Female,1,4,7,0,Fruity,Lounge
954,41,Male,2,2,2,1,Beverage,Online
955,42,Male,5,2,4,0,"Dessert,Fruity",Online
956,24,Male,4,3,5,0,Fruity,Retail
957,23,Male,3,3,7,0,Beverage,Online
958,41,Male,5,3,2,0,"Fruity,Spice,Dessert",Lounge
959,50,Male,3,4,14,0,Tobacco,Online
960,46,Male,1,4,6,1,"Fruity,Spice",Retail
961,39,Female,1,5,1,1,Menthol,Retail
962,43,Other,1,3,7,1,Fruity,Lounge
963,45,Male,3,1,9,0,Beverage,Lounge
964,38,Male,5,5,5,0,"Tobacco,Menthol",Retail
965,24,Female,1,1,5,0,"Beverage,Menthol",Retail
966,34,Male,5,4,4,0,Fruity,Online
967,37,Male,3,5,3,1,Menthol,Online
968,37,Female,5,5,9,1,"Beverage,Menthol,Dessert",Retail
969,39,Male,3,2,5,1,Fruity,Lounge
970,45,Female,3,4,8,0,"Beverage,Dessert,Tobacco",Retail
971,24,Female,4,4,9,0,Dessert,Lounge
972,18,Male,3,5,5,1,"Spice,Tobacco",Retail
973,49,Male,3,4,10,0,Spice,Online
974,30,Female,2,5,9,1,"Menthol,Tobacco,Beverage",Online
975,47,Male,1,2,2,1,"Tobacco,Dessert",Online
976,40,Male,4,5,9,0,"Beverage,Fruity",Online
977,36,Female,4,4,11,1,Tobacco,Retail
978,49,Male,4,4,4,1,"Beverage,Menthol",Lounge
979,47,Male,2,5,6,0,"Tobacco,Fruity",Retail
980,46,Female,3,5,6,1,Tobacco,Online
981,46,Male,1,5,6,0,Beverage,Online
982,47,Female,5,3,2,0,"Menthol,Tobacco,Fruity",Online
983,33,Female,3,4,7,1,Beverage,Online
984,36,Female,2,4,13,1,"Menthol,Fruity",Online
985,35,Male,3,3,6,0,"Dessert,Fruity",Online
986,18,Other,3,5,11,0,"Fruity,Dessert,Beverage",Online
987,31,Male,2,2,14,1,"Fruity,Tobacco,Beverage",Online
988,19,Female,4,5,1,1,"Spice,Menthol,Fruity",Lounge
989,45,Male,4,5,2,1,Spice,Online
990,47,Male,1,3,7,0,"Beverage,Spice,Dessert",Online
991,21,Male,1,4,1,1,Fruity,Online
992,18,Female,4,5,1,0,"Spice,Beverage",Online
993,25,Other,5,4,1,1,"Spice,Menthol",Retail
994,46,Male,3,1,8,0,Tobacco,Retail
995,20,Male,5,4,4,1,"Beverage,Tobacco,Fruity",Online
996,49,Female,3,2,4,0,Fruity,Retail
997,27,Male,4,2,13,0,"Menthol,Beverage",Online
998,27,Male,1,5,2,0,"Dessert,Tobacco",Retail
999,36,Female,1,4,11,0,"Tobacco,Fruity",Online
1000,51,Male,5,5,11,1,Menthol,Online
1001,50,Other,1,3,11,1,"Dessert,Beverage",Retail
1002,40,Male,4,2,1,1,"Spice,Tobacco,Fruity",Retail
1003,45,Male,5,5,12,0,Fruity,Retail
1004,49,Male,3,3,10,1,"Tobacco,Dessert",Online
1005,24,Female,1,5,9,1,Tobacco,Online
1006,46,Male,2,4,7,0,"Dessert,Spice",Lounge
1007,25,Female,1,4,4,0,"Menthol,Spice,Dessert",Online
1008,18,Male,3,4,12,1,"Tobacco,Menthol",Online
1009,20,Female,5,4,6,1,"Menthol,Tobacco",Online
1010,41,Male,3,1,14,1,"Menthol,Spice",Online
1011,40,Male,2,3,2,0,"Fruity,Dessert",Online
1012,25,Female,4,3,7,1,Beverage,Online
1013,54,Male,1,4,2,0,Beverage,Online
1014,20,Male,5,1,10,1,"Tobacco,Dessert",Lounge
1015,50,Female,4,4,8,1,"Tobacco,Fruity",Online
1016,45,Male,3,1,8,0,"Dessert,Spice",Online
1017,25,Female,5,4,1,1,Fruity,Retail
1018,51,Male,4,2,13,0,Tobacco,Retail
1019,52,Female,5,2,8,1,Beverage,Online
1020,49,Male,2,5,2,0,"Spice,Tobacco,Fruity",Retail
1021,41,Male,2,4,6,0,"Spice,Dessert",Online
1022,31,Other,1,3,13,0,Beverage,Retail
1023,49,Female,1,5,1,0,Fruity,Online
1024,33,Male,2,2,5,0,"Tobacco,Fruity,Beverage",Online
1025,21,Male,5,4,11,1,Spice,Retail
1026,54,Female,2,5,7,1,"Menthol,Fruity,Spice",Retail
1027,38,Male,1,4,13,1,Fruity,Online
1028,31,Female,2,2,10,0,"Spice,Menthol,Fruity",Online
1029,48,Female,2,5,1,1,"Spice,Tobacco,Fruity",Online
1030,35,Male,5,2,2,0,"Tobacco,Menthol",Retail
1031,24,Male,4,1,7,1,Dessert,Online
1032,27,Female,1,2,6,0,Menthol,Online
1033,24,Male,5,4,3,1,"Spice,Dessert",Online
1034,50,Male,2,3,14,1,"Menthol,Fruity",Retail
1035,40,Female,2,2,10,1,Dessert,Retail
1036,38,Female,4,3,2,0,Fruity,Retail
1037,36,Female,1,1,10,0,"Spice,Beverage",Online
1038,36,Male,1,5,4,0,"Spice,Fruity",Lounge
1039,53,Male,3,5,3,1,Dessert,Retail
1040,46,Male,1,3,7,1,Tobacco,Retail
1041,35,Male,4,5,8,0,"Spice,Fruity,Beverage",Online
1042,19,Male,3,2,2,1,"Tobacco,Spice",Online
1043,18,Male,3,3,10,1,"Menthol,Beverage",Retail
1044,22,Female,2,4,7,1,"Menthol,Spice",Online
1045,37,Male,2,2,8,0,Dessert,Online
1046,28,Male,1,2,6,0,Beverage,Retail
1047,19,Male,3,2,6,0,Dessert,Retail
1048,20,Male,2,4,10,1,"Spice,Fruity,Beverage",Lounge
1049,40,Male,4,1,1,0,"Spice,Beverage",Retail
1050,29,Male,2,5,4,1,Dessert,Online
1051,37,Male,2,3,14,1,"Spice,Fruity,Menthol",Online
1052,22,Male,3,1,1,1,Beverage,Online
1053,54,Male,3,3,4,1,"Spice,Beverage,Tobacco",Online
1054,47,Female,5,5,2,0,"Dessert,Menthol,Spice",Online
1055,26,Male,4,4,11,0,Tobacco,Online
1056,51,Male,3,2,13,1,Fruity,Retail
1057,52,Female,1,2,5,0,"Dessert,Beverage",Retail
1058,39,Male,4,4,10,0,"Dessert,Spice",Lounge
1059,41,Female,4,1,14,0,"Spice,Beverage",Retail
1060,34,Male,3,1,9,0,"Menthol,Dessert,Tobacco",Retail
1061,27,Male,4,3,11,0,"Tobacco,Dessert",Retail
1062,47,Male,3,4,12,1,Fruity,Lounge
1063,40,Male,2,1,10,1,Spice,Retail
1064,49,Female,5,4,3,1,"Menthol,Tobacco",Retail
1065,34,Male,2,5,8,0,Tobacco,Lounge
1066,34,Female,3,2,3,0,"Beverage,Dessert",Lounge
1067,31,Male,3,2,6,0,Beverage,Online
1068,26,Male,2,2,4,1,Tobacco,Online
1069,19,Female,1,4,8,0,Menthol,Online
1070,42,Male,1,4,11,1,"Dessert,Spice",Online
1071,26,Male,1,3,6,1,Fruity,Online
1072,39,Female,3,2,8,0,"Tobacco,Spice",Online
1073,21,Female,4,3,1,0,"Beverage,Tobacco",Online
1074,43,Male,3,2,6,1,"Fruity,Dessert",Online
1075,46,Female,4,3,1,1,"Tobacco,Beverage",Retail
1076,51,Other,2,3,1,0,Fruity,Online
1077,40,Female,5,5,8,0,"Dessert,Tobacco",Retail
1078,54,Male,4,3,7,1,Dessert,Retail
1079,28,Female,1,4,3,0,"Menthol,Dessert",Retail
1080,23,Male,3,3,6,0,Tobacco,Lounge
1081,35,Other,2,2,9,0,"Tobacco,Menthol",Online
1082,38,Male,1,3,7,1,"Fruity,Spice,Beverage",Online
1083,53,Male,2,1,12,0,"Tobacco,Fruity",Online
1084,51,Female,5,2,3,0,"Tobacco,Menthol",Online
1085,34,Male,3,1,14,0,"Beverage,Dessert",Retail
1086,54,Other,3,2,14,1,Spice,Online
1087,42,Other,5,4,13,1,"Spice,Beverage,Menthol",Online
1088,29,Female,3,4,6,1,Tobacco,Online
1089,40,Male,4,4,11,1,"Menthol,Beverage,Dessert",Online
1090,39,Female,2,1,4,1,"Dessert,Tobacco",Retail
1091,38,Male,1,5,14,0,"Beverage,Fruity",Retail
1092,44,Male,5,2,13,0,"Menthol,Dessert",Online
1093,48,Female,4,4,3,1,"Beverage,Menthol",Online
1094,23,Male,1,2,9,0,"Fruity,Tobacco",Online
1095,44,Male,1,1,10,0,Dessert,Online
1096,51,Other,5,5,2,1,"Tobacco,Dessert",Retail
1097,29,Male,4,1,1,0,"Spice,Dessert",Online
1098,24,Male,1,2,14,0,"Spice,Beverage,Tobacco",Retail
1099,27,Female,1,5,2,1,"Spice,Beverage",Retail
1100,34,Male,4,5,7,1,Beverage,Online
1101,43,Female,3,1,10,0,Fruity,Online
1102,38,Other,1,4,1,1,"Beverage,Spice",Lounge
1103,45,Female,2,2,6,1,Menthol,Retail
1104,19,Female,4,3,14,1,Dessert,Online
1105,18,Male,1,3,7,0,"Beverage,Dessert,Fruity",Retail
1106,53,Male,5,1,9,0,"Spice,Fruity",Retail
1107,43,Female,2,2,14,1,"Spice,Beverage",Online
1108,46,Female,1,2,8,1,Tobacco,Retail
1109,38,Male,2,1,6,1,"Tobacco,Dessert",Online
1110,28,Male,2,2,3,0,Dessert,Online
1111,28,Male,3,4,8,0,"Spice,Menthol",Lounge
1112,53,Male,2,1,7,1,Beverage,Retail
1113,52,Female,3,4,3,0,"Spice,Menthol,Dessert",Online
1114,51,Male,4,2,9,1,"Tobacco,Spice",Online
1115,41,Female,3,1,12,0,"Fruity,Tobacco",Retail
1116,39,Female,5,2,2,0,"Fruity,Menthol",Retail
1117,22,Male,1,1,3,1,"Tobacco,Dessert",Retail
1118,50,Female,4,2,2,1,Spice,Lounge
1119,53,Male,4,4,13,0,"Menthol,Dessert",Retail
1120,37,Female,5,4,1,0,Tobacco,Online
1121,36,Female,3,2,4,1,"Menthol,Spice,Dessert",Online
1122,52,Female,1,1,5,0,"Menthol,Spice,Beverage",Online
1123,34,Female,3,3,13,1,Spice,Retail
1124,51,Male,2,4,6,1,"Dessert,Fruity,Menthol",Retail
1125,26,Male,3,4,5,0,Tobacco,Online
1126,43,Female,4,3,1,1,Spice,Online
1127,19,Male,1,2,3,0,"Spice,Dessert,Fruity",Online
1128,26,Male,3,1,1,1,"Fruity,Beverage",Online
1129,26,Male,1,2,11,0,"Menthol,Beverage",Online
1130,34,Female,1,5,5,1,Menthol,Online
1131,18,Male,2,4,5,0,Menthol,Online
1132,42,Female,2,5,12,0,"Spice,Beverage,Tobacco",Online
1133,42,Other,4,4,11,1,Tobacco,Retail
1134,52,Male,5,4,13,1,Dessert,Online
1135,20,Male,1,5,6,1,"Menthol,Spice",Retail
1136,54,Male,5,5,8,0,"Tobacco,Beverage",Retail
1137,47,Female,4,2,10,1,"Fruity,Menthol",Retail
1138,51,Male,1,5,12,0,Beverage,Retail
1139,29,Male,1,2,1,0,Dessert,Online
1140,36,Male,5,2,4,1,Fruity,Online
1141,54,Female,3,2,10,0,"Beverage,Menthol,Fruity",Lounge
1142,34,Male,2,4,11,1,Menthol,Retail
1143,27,Female,3,4,1,1,"Spice,Fruity",Lounge
1144,29,Female,5,5,9,1,"Dessert,Tobacco",Retail
1145,33,Male,2,4,11,1,"Fruity,Beverage,Dessert",Online
1146,41,Female,3,5,7,1,"Tobacco,Menthol,Dessert",Online
1147,36,Male,2,4,7,0,Beverage,Retail
1148,25,Female,1,1,12,1,Beverage,Online
1149,48,Female,3,1,5,0,"Fruity,Beverage",Online
1150,38,Female,2,5,7,0,Fruity,Retail
1151,34,Male,2,4,12,1,"Tobacco,Fruity",Online
1152,40,Male,2,4,2,1,"Dessert,Beverage",Online
1153,54,Male,3,2,14,1,"Dessert,Spice,Beverage",Retail
1154,33,Male,4,3,13,0,Menthol,Retail
1155,23,Male,3,5,4,1,"Tobacco,Dessert,Beverage",Online
1156,25,Male,5,3,14,0,Dessert,Retail
1157,42,Male,3,3,14,1,"Dessert,Beverage",Retail
1158,35,Male,2,5,7,1,"Menthol,Fruity",Online
1159,42,Female,1,4,3,1,"Fruity,Dessert",Online
1160,29,Male,3,5,2,0,"Menthol,Beverage",Online
1161,32,Male,3,3,10,0,"Dessert,Menthol,Spice",Online
1162,43,Male,2,4,2,0,"Fruity,Spice,Menthol",Online
1163,43,Male,1,1,13,1,"Dessert,Fruity,Spice",Lounge
1164,49,Other,1,5,1,1,Tobacco,Retail
1165,27,Male,5,5,5,0,"Spice,Tobacco,Dessert",Retail
1166,33,Female,3,4,12,1,"Dessert,Menthol",Lounge
1167,24,Other,1,1,6,1,Menthol,Retail
1168,34,Female,1,1,6,1,Tobacco,Online
1169,40,Female,4,4,9,1,Beverage,Online
1170,43,Female,4,2,4,1,Tobacco,Retail
1171,38,Other,1,5,1,0,"Tobacco,Dessert",Online
1172,39,Female,5,5,6,0,"Dessert,Tobacco,Menthol",Online
1173,24,Male,1,3,5,0,"Fruity,Spice",Retail
1174,31,Female,2,4,10,1,"Dessert,Tobacco",Lounge
1175,32,Male,3,3,6,1,"Menthol,Fruity,Dessert",Online
1176,24,Female,5,3,3,1,Fruity,Retail
1177,26,Male,2,1,2,0,"Fruity,Spice,Tobacco",Online
1178,25,Male,5,5,6,0,"Tobacco,Spice",Retail
1179,40,Male,2,3,13,0,"Beverage,Dessert",Online
1180,46,Male,3,1,1,0,Menthol,Retail
1181,35,Male,3,4,7,1,"Menthol,Beverage",Online
1182,48,Male,4,3,7,1,Dessert,Retail
1183,47,Female,2,5,10,1,"Spice,Fruity",Online
1184,52,Male,4,3,13,1,Beverage,Online
1185,35,Female,2,4,7,0,"Menthol,Spice,Fruity",Online
1186,34,Male,4,3,12,0,Tobacco,Online
1187,31,Male,3,5,11,0,Tobacco,Online
1188,48,Female,5,1,10,1,"Beverage,Fruity",Online
1189,41,Female,4,5,1,1,Menthol,Retail
1190,52,Male,2,1,4,0,"Beverage,Spice",Retail
1191,51,Female,2,2,13,0,"Dessert,Menthol,Tobacco",Online
1192,20,Female,3,5,7,0,"Beverage,Dessert",Retail
1193,54,Male,2,5,11,0,Dessert,Online
1194,43,Male,1,4,9,0,"Tobacco,Beverage",Online
1195,40,Other,5,3,5,0,"Fruity,Spice",Online
1196,32,Female,4,1,13,0,"Tobacco,Spice,Fruity",Retail
1197,21,Male,5,1,2,1,Menthol,Online
1198,46,Female,3,4,7,1,"Dessert,Tobacco",Lounge
1199,39,Male,4,4,10,0,"Tobacco,Beverage",Online
1200,42,Male,4,3,1,0,Beverage,Online
